Avg_Return,Volatility,Sharpe,Sortino,Drawdown,Return_Score,Sharpe_Score,Sortino_Score,Drawdown_Score,Volatility_Score,Investment_Score,Rank
0.001517046265102644,0.024546579038629637,0.061802757228012345,0.09689924014992025,-0.7997340264764553,0.9826008180038688,1.0,1.0,0.28119027461443613,0.5480487058721415,0.8435035753801534,1
0.0007854946021877207,0.015261003053625247,0.05147070604911036,0.08057358934732807,-0.32401058258193394,0.5609015399793102,0.8560681190657587,0.8538978195596261,1.0,0.9999999999999999,0.8324751986054962,2
0.0010651985104949222,0.021720748703611892,0.04904059823305229,0.07287912291268146,-0.6133966466361306,0.7221354516401897,0.8222152100177985,0.7850381865183116,0.5627427659854249,0.685588658047378,0.740321480665507,3
0.001282335447779136,0.025256819460573263,0.05077184994654233,0.07139958676149386,-0.867894315452362,0.8473029474262879,0.8463326201214263,0.7717974612116949,0.17820128126174528,0.5134795980044418,0.6943878928143151,4
0.0009879224531207178,0.02095479834293633,0.04714540493078701,0.07229149581640759,-0.7777968501909626,0.6775900568919365,0.7958139919047842,0.7797793701262675,0.31433696070671546,0.7228693024903363,0.6886445258364303,5
0.0015472298608210314,0.03065349715212238,0.05047482357861751,0.06051290398740672,-0.9328201662380522,1.0,0.8421948585983529,0.6743699154256342,0.08009946691426117,0.2508103278778011,0.6583468892608337,6
0.0008271662472550742,0.021344534082661303,0.03875307111655353,0.0451814589282863,-0.5991511318242344,0.5849229502635519,0.6789035768869764,0.5371651215999795,0.5842674873783558,0.7038999275995339,0.612977059385505,7
0.0013771425356264547,0.030262312933073295,0.0455068500108395,0.056502866921456035,-0.9382370796620407,0.9019540165490365,0.7729879056264191,0.6384831280585364,0.07191460635986324,0.2698502037376447,0.6096801683401111,8
0.0012215889342959243,0.03194152830903119,0.03824453615610279,0.05109091299867712,-0.8510664590593411,0.8122859251474955,0.6718193694908733,0.5900502491416795,0.2036278751955456,0.18811875665141287,0.5608716151066541,9
0.001177503256473164,0.03054144700839893,0.038554272040527394,0.048506604551999795,-0.8501742160278746,0.7868729578185656,0.6761341824613217,0.5669226505206136,0.2049760386645878,0.25626407760154546,0.5583183224921058,10
0.0008502083869707913,0.025191281076789872,0.03375010522010076,0.04809003399130392,-0.7847465908586151,0.598205475852437,0.6092091590741104,0.5631946602578748,0.30383602524740727,0.5166695086156723,0.5404448626058675,11
0.001206412952640827,0.03149502483794667,0.03830487382843034,0.046679672423799744,-0.9668688754083061,0.8035378068235368,0.6726599106882525,0.5505729949586914,0.02865246844800584,0.20985115342627347,0.5254317689206842,12
0.0008044570589420454,0.022355031683062042,0.035985502966277,0.03471167880333735,-0.9248048186299899,0.5718323528367484,0.640349636088037,0.44346853801609853,0.0922105156484887,0.6547165814127445,0.49664173138633316,13
0.0008381460152846863,0.02609280117249823,0.032121733873789325,0.03585212730641149,-0.8147414430136943,0.5912521823406349,0.5865249362924212,0.4536746863034695,0.25851433316499306,0.47279035942819503,0.4936827748492892,14
0.0007895477821635296,0.023969271604075162,0.032939998978913226,0.03469925395820748,-0.8417647517343518,0.5632379751979683,0.5979238767006756,0.44335734508498303,0.21768259075287855,0.5761476458385895,0.4931312475178328,15
0.0007072633052105408,0.024033912331194857,0.029427722605634508,0.033930720577557597,-0.7900864678578636,0.5158055021646327,0.5489956884819422,0.43647955478970546,0.29576756537080384,0.5730014263340275,0.4786449731139589,16
0.0009318022290488051,0.029978656982739365,0.031082187223573872,0.03873848469979863,-0.897998996711443,0.6452398358844363,0.5720434067206426,0.47950539368556644,0.13271363934208824,0.28365642039534267,0.4688100255553192,17
0.00040858745523740265,0.018716715319720426,0.02183008333769463,0.03043241954567914,-0.6412001237240953,0.34363531011670434,0.4431558613692534,0.4051724164235523,0.5207322029432662,0.8318021807890582,0.4642569730604007,18
0.0010300221527546809,0.03272460676993447,0.03147546309711527,0.03408636725470829,-0.889451305932375,0.7018582170789466,0.5775219835515875,0.43787247438507026,0.14562904920981157,0.15000444641579236,0.4599411591005841,19
0.0007530729557660719,0.027838744106983032,0.02705125464252434,0.03769118772232729,-0.8495297805642633,0.5422122449076554,0.5158900158533672,0.4701328808327936,0.20594976927335273,0.38781112173867394,0.45041625151061004,20
0.000597993797571084,0.02114622464085074,0.02827898633100996,0.029105844909553622,-0.8536304097130051,0.4528176438662138,0.5329930797219579,0.39330058055015116,0.19975379102139867,0.7135521246208925,0.450104878942667,21
0.0010914854701222474,0.035806526665683916,0.030482863649779802,0.03752102441368357,-0.9858316836241425,0.7372884373529608,0.5636944576329184,0.46861004840642273,-2.220446049250313e-16,0.0,0.43371853686207334,22
0.0009434799659862791,0.03295939564954678,0.028625523842068772,0.033698181389673024,-0.9244584038012402,0.6519714086292394,0.5378205621760532,0.4343985055991656,0.0927339423391822,0.13857670750557483,0.42810783887989007,23
0.0006038481582375971,0.023745249205113735,0.025430272515630344,0.026077164895080416,-0.8205949992660371,0.4561923606381324,0.49330872948100973,0.36619619375900037,0.24966971300536867,0.5870513542663436,0.42693573178911914,24
0.0005283211648322405,0.023246418985256357,0.0227269914203697,0.025966064398657614,-0.813079441237474,0.41265520502085584,0.45565034722973347,0.3652019286622116,0.26102558850817137,0.6113306196321873,0.41081352757808853,25
0.000620010662195659,0.024919396814655506,0.024880644856982277,0.027973990148067604,-0.9243109286619625,0.4655091547836423,0.48565207531303195,0.3831713397257259,0.09295677467113017,0.5299027689242481,0.40152408157516384,26
0.0005460879278250659,0.024453675364156442,0.022331527661707137,0.02633562835156415,-0.9098984281466034,0.42289676622113337,0.4501412918021086,0.3685092454721017,0.11473380851405701,0.5525705509332557,0.3842161785233188,27
0.0006411378108677649,0.027986112773320197,0.02290914126091053,0.026026294063225163,-0.8943356219709209,0.47768779341354417,0.4581878074791028,0.36574093843443545,0.13824893390243576,0.38063833465766383,0.3832303090861803,28
0.000550307030705604,0.025787309699706443,0.02134022653444413,0.024044842647095038,-0.8752856857567621,0.42532884686400263,0.4363318522872764,0.3480084525547722,0.16703305121776424,0.4876593634292654,0.37678833222326763,29
0.0006137557648300293,0.02684130344106647,0.02286609389807052,0.02624586141494473,-0.9567758850413329,0.4619035506453184,0.4575881310164588,0.3677058995393645,0.043902798712603275,0.43635895555154125,0.37180493968088707,30
0.00025566527696253285,0.019019449471363418,0.01344230690522744,0.019385333138704226,-0.7316002107851747,0.2554840893054477,0.3263089335059709,0.30630937989970475,0.3841392673014121,0.817067382233459,0.3648944712063647,31
0.0004823709054275465,0.02539265020438439,0.01899647738794348,0.02276799928839344,-0.8723325974981604,0.3861674090136802,0.4036819730665163,0.336581673858912,0.17149511544320428,0.5068683893355421,0.35889459843745375,32
0.0004880776672416861,0.02949108581890506,0.01655000667790968,0.01953570342743118,-0.7730521485926056,0.389457043169239,0.3696011187570901,0.3076550798244494,0.3215061210596948,0.3073876804518223,0.34465020042122363,33
0.0004394659191027611,0.02253376066253325,0.0195025555513891,0.020855348299108407,-0.9662077198567449,0.36143504536253,0.41073195575661514,0.31946489956703433,0.029651462814489493,0.6460174125404405,0.3444222813674666,34
0.0006270709842445825,0.030745727671895914,0.020395386017088034,0.025497416465752314,-0.95216642859759,0.4695790419311727,0.42316963788365036,0.3610078854547294,0.0508676060245552,0.2463212468733431,0.34338093670602965,35
0.0005895748676554265,0.03005165466152666,0.0196187156512957,0.02200045632691603,-0.9253084865273231,0.4479645940446525,0.41235013799164,0.3297127470633134,0.09144948234728378,0.280103447973435,0.3374539141216869,36
0.0005207699750514645,0.027837061973802063,0.018707792350412915,0.02174923151322302,-0.9207708779443254,0.408302359637262,0.3996604114491878,0.32746447570769627,0.0983057288100393,0.3878929952023409,0.3369598731308728,37
0.0005256802216729012,0.03036997137637823,0.017309210310345415,0.01991448628695895,-0.917396458755593,0.41113284661467075,0.38017729622044993,0.31104489884971365,0.10340441663280386,0.26461020862543694,0.3160126662589618,38
0.00032450754038140925,0.0243825665272633,0.01330899846078804,0.013844038531374805,-0.8907353693908889,0.29516786593120437,0.32445186419607813,0.2567190000500532,0.14368885199263026,0.556031588881756,0.29770536914464774,39
0.00046053906591458704,0.029651690455313066,0.015531629355454386,0.018354537411461286,-0.9746027434469645,0.37358255489158143,0.35541449105037914,0.2970845407089202,0.016966730373956018,0.29957066690470846,0.28811406971722425,40
0.0003220559174819495,0.02464646943589279,0.013067020342188956,0.012793252585611798,-0.9404927581052523,0.2937546402369708,0.32108095892743077,0.24731526357985384,0.06850631605352597,0.5431868002254765,0.2814986590511634,41
0.0003992736933780833,0.02912308439381198,0.01370986973697471,0.013314615435484038,-0.9070559610705596,0.33826643892021524,0.33003624969659484,0.2519810652736428,0.11902872608553894,0.3252991940273189,0.28004365732699493,42
0.00048082472969459926,0.03252199740957942,0.014784600208871897,0.0165592523034879,-0.9681818987992835,0.385276123786216,0.3450079117256583,0.28101810195197974,0.026668513284125783,0.1598659308043493,0.2707989938359894,43
0.00029434814653220217,0.026256146301545717,0.01121063781225479,0.012735583808507178,-0.9595741813771729,0.2777826349808811,0.29522039894370783,0.24679917180622743,0.03967462234978658,0.46483995951959334,0.25825762893527276,44
0.000189540846725924,0.026518387237308125,0.00714752541433829,0.007960433659151622,-0.9099943392666205,0.21736699395300896,0.23861872326932282,0.2040652032075453,0.11458888850490911,0.45207606307606363,0.2284712561566277,45
0.00021774560797241775,0.030610387107387543,0.007113454893873812,0.00762217962155759,-0.9830664045184069,0.2336254867669125,0.23814409978847184,0.2010380863695812,0.004178287911009271,0.25290859733779825,0.1943454518027506,46
0.00021612254895904062,0.033125042228838275,0.006524445990619352,0.008567167274330613,-0.9595900629175586,0.2326898825589948,0.22993884045859708,0.2094950084383448,0.039650625622633884,0.13051429048378282,0.18689240365073764,47
0.00011923645200126623,0.030042043332368974,0.003968986086668553,0.0038162554674570806,-0.9687676125273643,0.17684037908727304,0.19433969908202847,0.1669779546034111,0.025783510181084157,0.28057125445718145,0.1673391261657967,48
-0.00018754110284260528,0.018788764877179412,-0.009981555683332343,-0.014842081939758422,-0.7506765899864682,0.0,0.0,0.0,0.35531519509934273,0.8282953557103,0.13612681483593142,49
